path_image,label
/Users/yunhou/course/cs/455/CS6364_resnet_medical_classify/dataset/dataset-master/dataset-master/JPEGImages/BloodImage_00093.jpg,EOSINOPHIL
/Users/yunhou/course/cs/455/CS6364_resnet_medical_classify/dataset/dataset-master/dataset-master/JPEGImages/BloodImage_00220.jpg,EOSINOPHIL
/Users/yunhou/course/cs/455/CS6364_resnet_medical_classify/dataset/dataset-master/dataset-master/JPEGImages/BloodImage_00365.jpg,NEUTROPHIL
/Users/yunhou/course/cs/455/CS6364_resnet_medical_classify/dataset/dataset-master/dataset-master/JPEGImages/BloodImage_00048.jpg,EOSINOPHIL
/Users/yunhou/course/cs/455/CS6364_resnet_medical_classify/dataset/dataset-master/dataset-master/JPEGImages/BloodImage_00135.jpg,EOSINOPHIL
/Users/yunhou/course/cs/455/CS6364_resnet_medical_classify/dataset/dataset-master/dataset-master/JPEGImages/BloodImage_00247.jpg,NEUTROPHIL
/Users/yunhou/course/cs/455/CS6364_resnet_medical_classify/dataset/dataset-master/dataset-master/JPEGImages/BloodImage_00071.jpg,NEUTROPHIL
/Users/yunhou/course/cs/455/CS6364_resnet_medical_classify/dataset/dataset-master/dataset-master/JPEGImages/BloodImage_00250.jpg,NEUTROPHIL
/Users/yunhou/course/cs/455/CS6364_resnet_medical_classify/dataset/dataset-master/dataset-master/JPEGImages/BloodImage_00207.jpg,NEUTROPHIL
/Users/yunhou/course/cs/455/CS6364_resnet_medical_classify/dataset/dataset-master/dataset-master/JPEGImages/BloodImage_00287.jpg,NEUTROPHIL
/Users/yunhou/course/cs/455/CS6364_resnet_medical_classify/dataset/dataset-master/dataset-master/JPEGImages/BloodImage_00385.jpg,NEUTROPHIL
/Users/yunhou/course/cs/455/CS6364_resnet_medical_classify/dataset/dataset-master/dataset-master/JPEGImages/BloodImage_00330.jpg,NEUTROPHIL
/Users/yunhou/course/cs/455/CS6364_resnet_medical_classify/dataset/dataset-master/dataset-master/JPEGImages/BloodImage_00383.jpg,EOSINOPHIL
/Users/yunhou/course/cs/455/CS6364_resnet_medical_classify/dataset/dataset-master/dataset-master/JPEGImages/BloodImage_00023.jpg,EOSINOPHIL
/Users/yunhou/course/cs/455/CS6364_resnet_medical_classify/dataset/dataset-master/dataset-master/JPEGImages/BloodImage_00045.jpg,EOSINOPHIL
/Users/yunhou/course/cs/455/CS6364_resnet_medical_classify/dataset/dataset-master/dataset-master/JPEGImages/BloodImage_00143.jpg,EOSINOPHIL
/Users/yunhou/course/cs/455/CS6364_resnet_medical_classify/dataset/dataset-master/dataset-master/JPEGImages/BloodImage_00275.jpg,LYMPHOCYTE
/Users/yunhou/course/cs/455/CS6364_resnet_medical_classify/dataset/dataset-master/dataset-master/JPEGImages/BloodImage_00334.jpg,NEUTROPHIL
/Users/yunhou/course/cs/455/CS6364_resnet_medical_classify/dataset/dataset-master/dataset-master/JPEGImages/BloodImage_00336.jpg,NEUTROPHIL
/Users/yunhou/course/cs/455/CS6364_resnet_medical_classify/dataset/dataset-master/dataset-master/JPEGImages/BloodImage_00182.jpg,NEUTROPHIL
/Users/yunhou/course/cs/455/CS6364_resnet_medical_classify/dataset/dataset-master/dataset-master/JPEGImages/BloodImage_00402.jpg,NEUTROPHIL
/Users/yunhou/course/cs/455/CS6364_resnet_medical_classify/dataset/dataset-master/dataset-master/JPEGImages/BloodImage_00219.jpg,EOSINOPHIL
/Users/yunhou/course/cs/455/CS6364_resnet_medical_classify/dataset/dataset-master/dataset-master/JPEGImages/BloodImage_00329.jpg,NEUTROPHIL
/Users/yunhou/course/cs/455/CS6364_resnet_medical_classify/dataset/dataset-master/dataset-master/JPEGImages/BloodImage_00288.jpg,NEUTROPHIL
/Users/yunhou/course/cs/455/CS6364_resnet_medical_classify/dataset/dataset-master/dataset-master/JPEGImages/BloodImage_00037.jpg,LYMPHOCYTE
/Users/yunhou/course/cs/455/CS6364_resnet_medical_classify/dataset/dataset-master/dataset-master/JPEGImages/BloodImage_00066.jpg,NEUTROPHIL
/Users/yunhou/course/cs/455/CS6364_resnet_medical_classify/dataset/dataset-master/dataset-master/JPEGImages/BloodImage_00265.jpg,EOSINOPHIL
/Users/yunhou/course/cs/455/CS6364_resnet_medical_classify/dataset/dataset-master/dataset-master/JPEGImages/BloodImage_00162.jpg,EOSINOPHIL
/Users/yunhou/course/cs/455/CS6364_resnet_medical_classify/dataset/dataset-master/dataset-master/JPEGImages/BloodImage_00387.jpg,EOSINOPHIL
/Users/yunhou/course/cs/455/CS6364_resnet_medical_classify/dataset/dataset-master/dataset-master/JPEGImages/BloodImage_00013.jpg,NEUTROPHIL
/Users/yunhou/course/cs/455/CS6364_resnet_medical_classify/dataset/dataset-master/dataset-master/JPEGImages/BloodImage_00314.jpg,NEUTROPHIL
/Users/yunhou/course/cs/455/CS6364_resnet_medical_classify/dataset/dataset-master/dataset-master/JPEGImages/BloodImage_00002.jpg,NEUTROPHIL
/Users/yunhou/course/cs/455/CS6364_resnet_medical_classify/dataset/dataset-master/dataset-master/JPEGImages/BloodImage_00370.jpg,NEUTROPHIL
/Users/yunhou/course/cs/455/CS6364_resnet_medical_classify/dataset/dataset-master/dataset-master/JPEGImages/BloodImage_00169.jpg,NEUTROPHIL
/Users/yunhou/course/cs/455/CS6364_resnet_medical_classify/dataset/dataset-master/dataset-master/JPEGImages/BloodImage_00261.jpg,EOSINOPHIL
/Users/yunhou/course/cs/455/CS6364_resnet_medical_classify/dataset/dataset-master/dataset-master/JPEGImages/BloodImage_00309.jpg,MONOCYTE
/Users/yunhou/course/cs/455/CS6364_resnet_medical_classify/dataset/dataset-master/dataset-master/JPEGImages/BloodImage_00225.jpg,MONOCYTE
/Users/yunhou/course/cs/455/CS6364_resnet_medical_classify/dataset/dataset-master/dataset-master/JPEGImages/BloodImage_00273.jpg,NEUTROPHIL
/Users/yunhou/course/cs/455/CS6364_resnet_medical_classify/dataset/dataset-master/dataset-master/JPEGImages/BloodImage_00112.jpg,NEUTROPHIL
/Users/yunhou/course/cs/455/CS6364_resnet_medical_classify/dataset/dataset-master/dataset-master/JPEGImages/BloodImage_00068.jpg,EOSINOPHIL
/Users/yunhou/course/cs/455/CS6364_resnet_medical_classify/dataset/dataset-master/dataset-master/JPEGImages/BloodImage_00091.jpg,NEUTROPHIL
/Users/yunhou/course/cs/455/CS6364_resnet_medical_classify/dataset/dataset-master/dataset-master/JPEGImages/BloodImage_00198.jpg,NEUTROPHIL
/Users/yunhou/course/cs/455/CS6364_resnet_medical_classify/dataset/dataset-master/dataset-master/JPEGImages/BloodImage_00005.jpg,NEUTROPHIL
/Users/yunhou/course/cs/455/CS6364_resnet_medical_classify/dataset/dataset-master/dataset-master/JPEGImages/BloodImage_00241.jpg,LYMPHOCYTE
/Users/yunhou/course/cs/455/CS6364_resnet_medical_classify/dataset/dataset-master/dataset-master/JPEGImages/BloodImage_00053.jpg,NEUTROPHIL
/Users/yunhou/course/cs/455/CS6364_resnet_medical_classify/dataset/dataset-master/dataset-master/JPEGImages/BloodImage_00258.jpg,LYMPHOCYTE
/Users/yunhou/course/cs/455/CS6364_resnet_medical_classify/dataset/dataset-master/dataset-master/JPEGImages/BloodImage_00369.jpg,NEUTROPHIL
/Users/yunhou/course/cs/455/CS6364_resnet_medical_classify/dataset/dataset-master/dataset-master/JPEGImages/BloodImage_00371.jpg,NEUTROPHIL
/Users/yunhou/course/cs/455/CS6364_resnet_medical_classify/dataset/dataset-master/dataset-master/JPEGImages/BloodImage_00168.jpg,NEUTROPHIL
/Users/yunhou/course/cs/455/CS6364_resnet_medical_classify/dataset/dataset-master/dataset-master/JPEGImages/BloodImage_00408.jpg,NEUTROPHIL
/Users/yunhou/course/cs/455/CS6364_resnet_medical_classify/dataset/dataset-master/dataset-master/JPEGImages/BloodImage_00353.jpg,EOSINOPHIL
/Users/yunhou/course/cs/455/CS6364_resnet_medical_classify/dataset/dataset-master/dataset-master/JPEGImages/BloodImage_00092.jpg,NEUTROPHIL
/Users/yunhou/course/cs/455/CS6364_resnet_medical_classify/dataset/dataset-master/dataset-master/JPEGImages/BloodImage_00187.jpg,EOSINOPHIL
/Users/yunhou/course/cs/455/CS6364_resnet_medical_classify/dataset/dataset-master/dataset-master/JPEGImages/BloodImage_00386.jpg,NEUTROPHIL
/Users/yunhou/course/cs/455/CS6364_resnet_medical_classify/dataset/dataset-master/dataset-master/JPEGImages/BloodImage_00246.jpg,NEUTROPHIL
/Users/yunhou/course/cs/455/CS6364_resnet_medical_classify/dataset/dataset-master/dataset-master/JPEGImages/BloodImage_00356.jpg,LYMPHOCYTE
/Users/yunhou/course/cs/455/CS6364_resnet_medical_classify/dataset/dataset-master/dataset-master/JPEGImages/BloodImage_00150.jpg,NEUTROPHIL
/Users/yunhou/course/cs/455/CS6364_resnet_medical_classify/dataset/dataset-master/dataset-master/JPEGImages/BloodImage_00347.jpg,LYMPHOCYTE
/Users/yunhou/course/cs/455/CS6364_resnet_medical_classify/dataset/dataset-master/dataset-master/JPEGImages/BloodImage_00083.jpg,MONOCYTE
/Users/yunhou/course/cs/455/CS6364_resnet_medical_classify/dataset/dataset-master/dataset-master/JPEGImages/BloodImage_00100.jpg,EOSINOPHIL
/Users/yunhou/course/cs/455/CS6364_resnet_medical_classify/dataset/dataset-master/dataset-master/JPEGImages/BloodImage_00101.jpg,EOSINOPHIL
/Users/yunhou/course/cs/455/CS6364_resnet_medical_classify/dataset/dataset-master/dataset-master/JPEGImages/BloodImage_00409.jpg,NEUTROPHIL
/Users/yunhou/course/cs/455/CS6364_resnet_medical_classify/dataset/dataset-master/dataset-master/JPEGImages/BloodImage_00144.jpg,EOSINOPHIL
/Users/yunhou/course/cs/455/CS6364_resnet_medical_classify/dataset/dataset-master/dataset-master/JPEGImages/BloodImage_00069.jpg,EOSINOPHIL
/Users/yunhou/course/cs/455/CS6364_resnet_medical_classify/dataset/dataset-master/dataset-master/JPEGImages/BloodImage_00095.jpg,EOSINOPHIL
/Users/yunhou/course/cs/455/CS6364_resnet_medical_classify/dataset/dataset-master/dataset-master/JPEGImages/BloodImage_00075.jpg,EOSINOPHIL
/Users/yunhou/course/cs/455/CS6364_resnet_medical_classify/dataset/dataset-master/dataset-master/JPEGImages/BloodImage_00209.jpg,NEUTROPHIL
/Users/yunhou/course/cs/455/CS6364_resnet_medical_classify/dataset/dataset-master/dataset-master/JPEGImages/BloodImage_00266.jpg,NEUTROPHIL
/Users/yunhou/course/cs/455/CS6364_resnet_medical_classify/dataset/dataset-master/dataset-master/JPEGImages/BloodImage_00293.jpg,NEUTROPHIL
/Users/yunhou/course/cs/455/CS6364_resnet_medical_classify/dataset/dataset-master/dataset-master/JPEGImages/BloodImage_00191.jpg,LYMPHOCYTE
/Users/yunhou/course/cs/455/CS6364_resnet_medical_classify/dataset/dataset-master/dataset-master/JPEGImages/BloodImage_00052.jpg,NEUTROPHIL
/Users/yunhou/course/cs/455/CS6364_resnet_medical_classify/dataset/dataset-master/dataset-master/JPEGImages/BloodImage_00029.jpg,NEUTROPHIL
/Users/yunhou/course/cs/455/CS6364_resnet_medical_classify/dataset/dataset-master/dataset-master/JPEGImages/BloodImage_00004.jpg,NEUTROPHIL
/Users/yunhou/course/cs/455/CS6364_resnet_medical_classify/dataset/dataset-master/dataset-master/JPEGImages/BloodImage_00104.jpg,MONOCYTE
/Users/yunhou/course/cs/455/CS6364_resnet_medical_classify/dataset/dataset-master/dataset-master/JPEGImages/BloodImage_00339.jpg,NEUTROPHIL
/Users/yunhou/course/cs/455/CS6364_resnet_medical_classify/dataset/dataset-master/dataset-master/JPEGImages/BloodImage_00192.jpg,NEUTROPHIL
/Users/yunhou/course/cs/455/CS6364_resnet_medical_classify/dataset/dataset-master/dataset-master/JPEGImages/BloodImage_00177.jpg,EOSINOPHIL
/Users/yunhou/course/cs/455/CS6364_resnet_medical_classify/dataset/dataset-master/dataset-master/JPEGImages/BloodImage_00067.jpg,NEUTROPHIL
/Users/yunhou/course/cs/455/CS6364_resnet_medical_classify/dataset/dataset-master/dataset-master/JPEGImages/BloodImage_00139.jpg,EOSINOPHIL
/Users/yunhou/course/cs/455/CS6364_resnet_medical_classify/dataset/dataset-master/dataset-master/JPEGImages/BloodImage_00305.jpg,LYMPHOCYTE
/Users/yunhou/course/cs/455/CS6364_resnet_medical_classify/dataset/dataset-master/dataset-master/JPEGImages/BloodImage_00295.jpg,NEUTROPHIL
/Users/yunhou/course/cs/455/CS6364_resnet_medical_classify/dataset/dataset-master/dataset-master/JPEGImages/BloodImage_00263.jpg,NEUTROPHIL
/Users/yunhou/course/cs/455/CS6364_resnet_medical_classify/dataset/dataset-master/dataset-master/JPEGImages/BloodImage_00407.jpg,NEUTROPHIL
/Users/yunhou/course/cs/455/CS6364_resnet_medical_classify/dataset/dataset-master/dataset-master/JPEGImages/BloodImage_00038.jpg,LYMPHOCYTE
/Users/yunhou/course/cs/455/CS6364_resnet_medical_classify/dataset/dataset-master/dataset-master/JPEGImages/BloodImage_00156.jpg,NEUTROPHIL
/Users/yunhou/course/cs/455/CS6364_resnet_medical_classify/dataset/dataset-master/dataset-master/JPEGImages/BloodImage_00015.jpg,MONOCYTE
/Users/yunhou/course/cs/455/CS6364_resnet_medical_classify/dataset/dataset-master/dataset-master/JPEGImages/BloodImage_00262.jpg,MONOCYTE
/Users/yunhou/course/cs/455/CS6364_resnet_medical_classify/dataset/dataset-master/dataset-master/JPEGImages/BloodImage_00324.jpg,NEUTROPHIL
/Users/yunhou/course/cs/455/CS6364_resnet_medical_classify/dataset/dataset-master/dataset-master/JPEGImages/BloodImage_00036.jpg,EOSINOPHIL
/Users/yunhou/course/cs/455/CS6364_resnet_medical_classify/dataset/dataset-master/dataset-master/JPEGImages/BloodImage_00081.jpg,NEUTROPHIL
/Users/yunhou/course/cs/455/CS6364_resnet_medical_classify/dataset/dataset-master/dataset-master/JPEGImages/BloodImage_00054.jpg,LYMPHOCYTE
/Users/yunhou/course/cs/455/CS6364_resnet_medical_classify/dataset/dataset-master/dataset-master/JPEGImages/BloodImage_00267.jpg,NEUTROPHIL
/Users/yunhou/course/cs/455/CS6364_resnet_medical_classify/dataset/dataset-master/dataset-master/JPEGImages/BloodImage_00189.jpg,NEUTROPHIL
/Users/yunhou/course/cs/455/CS6364_resnet_medical_classify/dataset/dataset-master/dataset-master/JPEGImages/BloodImage_00243.jpg,NEUTROPHIL
/Users/yunhou/course/cs/455/CS6364_resnet_medical_classify/dataset/dataset-master/dataset-master/JPEGImages/BloodImage_00076.jpg,LYMPHOCYTE
/Users/yunhou/course/cs/455/CS6364_resnet_medical_classify/dataset/dataset-master/dataset-master/JPEGImages/BloodImage_00141.jpg,EOSINOPHIL
/Users/yunhou/course/cs/455/CS6364_resnet_medical_classify/dataset/dataset-master/dataset-master/JPEGImages/BloodImage_00161.jpg,NEUTROPHIL
/Users/yunhou/course/cs/455/CS6364_resnet_medical_classify/dataset/dataset-master/dataset-master/JPEGImages/BloodImage_00197.jpg,NEUTROPHIL
/Users/yunhou/course/cs/455/CS6364_resnet_medical_classify/dataset/dataset-master/dataset-master/JPEGImages/BloodImage_00158.jpg,EOSINOPHIL
/Users/yunhou/course/cs/455/CS6364_resnet_medical_classify/dataset/dataset-master/dataset-master/JPEGImages/BloodImage_00349.jpg,NEUTROPHIL
/Users/yunhou/course/cs/455/CS6364_resnet_medical_classify/dataset/dataset-master/dataset-master/JPEGImages/BloodImage_00332.jpg,NEUTROPHIL
/Users/yunhou/course/cs/455/CS6364_resnet_medical_classify/dataset/dataset-master/dataset-master/JPEGImages/BloodImage_00279.jpg,NEUTROPHIL
/Users/yunhou/course/cs/455/CS6364_resnet_medical_classify/dataset/dataset-master/dataset-master/JPEGImages/BloodImage_00352.jpg,EOSINOPHIL
/Users/yunhou/course/cs/455/CS6364_resnet_medical_classify/dataset/dataset-master/dataset-master/JPEGImages/BloodImage_00026.jpg,EOSINOPHIL
/Users/yunhou/course/cs/455/CS6364_resnet_medical_classify/dataset/dataset-master/dataset-master/JPEGImages/BloodImage_00133.jpg,EOSINOPHIL
/Users/yunhou/course/cs/455/CS6364_resnet_medical_classify/dataset/dataset-master/dataset-master/JPEGImages/BloodImage_00147.jpg,EOSINOPHIL
/Users/yunhou/course/cs/455/CS6364_resnet_medical_classify/dataset/dataset-master/dataset-master/JPEGImages/BloodImage_00160.jpg,EOSINOPHIL
/Users/yunhou/course/cs/455/CS6364_resnet_medical_classify/dataset/dataset-master/dataset-master/JPEGImages/BloodImage_00281.jpg,MONOCYTE
/Users/yunhou/course/cs/455/CS6364_resnet_medical_classify/dataset/dataset-master/dataset-master/JPEGImages/BloodImage_00020.jpg,LYMPHOCYTE
/Users/yunhou/course/cs/455/CS6364_resnet_medical_classify/dataset/dataset-master/dataset-master/JPEGImages/BloodImage_00206.jpg,LYMPHOCYTE
/Users/yunhou/course/cs/455/CS6364_resnet_medical_classify/dataset/dataset-master/dataset-master/JPEGImages/BloodImage_00233.jpg,LYMPHOCYTE
/Users/yunhou/course/cs/455/CS6364_resnet_medical_classify/dataset/dataset-master/dataset-master/JPEGImages/BloodImage_00009.jpg,EOSINOPHIL
/Users/yunhou/course/cs/455/CS6364_resnet_medical_classify/dataset/dataset-master/dataset-master/JPEGImages/BloodImage_00239.jpg,NEUTROPHIL
/Users/yunhou/course/cs/455/CS6364_resnet_medical_classify/dataset/dataset-master/dataset-master/JPEGImages/BloodImage_00137.jpg,EOSINOPHIL
/Users/yunhou/course/cs/455/CS6364_resnet_medical_classify/dataset/dataset-master/dataset-master/JPEGImages/BloodImage_00348.jpg,NEUTROPHIL
/Users/yunhou/course/cs/455/CS6364_resnet_medical_classify/dataset/dataset-master/dataset-master/JPEGImages/BloodImage_00003.jpg,NEUTROPHIL
/Users/yunhou/course/cs/455/CS6364_resnet_medical_classify/dataset/dataset-master/dataset-master/JPEGImages/BloodImage_00338.jpg,NEUTROPHIL
/Users/yunhou/course/cs/455/CS6364_resnet_medical_classify/dataset/dataset-master/dataset-master/JPEGImages/BloodImage_00235.jpg,NEUTROPHIL
/Users/yunhou/course/cs/455/CS6364_resnet_medical_classify/dataset/dataset-master/dataset-master/JPEGImages/BloodImage_00333.jpg,NEUTROPHIL
/Users/yunhou/course/cs/455/CS6364_resnet_medical_classify/dataset/dataset-master/dataset-master/JPEGImages/BloodImage_00405.jpg,NEUTROPHIL
/Users/yunhou/course/cs/455/CS6364_resnet_medical_classify/dataset/dataset-master/dataset-master/JPEGImages/BloodImage_00228.jpg,EOSINOPHIL
/Users/yunhou/course/cs/455/CS6364_resnet_medical_classify/dataset/dataset-master/dataset-master/JPEGImages/BloodImage_00089.jpg,LYMPHOCYTE
/Users/yunhou/course/cs/455/CS6364_resnet_medical_classify/dataset/dataset-master/dataset-master/JPEGImages/BloodImage_00062.jpg,EOSINOPHIL
/Users/yunhou/course/cs/455/CS6364_resnet_medical_classify/dataset/dataset-master/dataset-master/JPEGImages/BloodImage_00056.jpg,EOSINOPHIL
/Users/yunhou/course/cs/455/CS6364_resnet_medical_classify/dataset/dataset-master/dataset-master/JPEGImages/BloodImage_00212.jpg,NEUTROPHIL
/Users/yunhou/course/cs/455/CS6364_resnet_medical_classify/dataset/dataset-master/dataset-master/JPEGImages/BloodImage_00390.jpg,NEUTROPHIL
/Users/yunhou/course/cs/455/CS6364_resnet_medical_classify/dataset/dataset-master/dataset-master/JPEGImages/BloodImage_00079.jpg,NEUTROPHIL
/Users/yunhou/course/cs/455/CS6364_resnet_medical_classify/dataset/dataset-master/dataset-master/JPEGImages/BloodImage_00022.jpg,NEUTROPHIL
/Users/yunhou/course/cs/455/CS6364_resnet_medical_classify/dataset/dataset-master/dataset-master/JPEGImages/BloodImage_00167.jpg,NEUTROPHIL
/Users/yunhou/course/cs/455/CS6364_resnet_medical_classify/dataset/dataset-master/dataset-master/JPEGImages/BloodImage_00284.jpg,EOSINOPHIL
/Users/yunhou/course/cs/455/CS6364_resnet_medical_classify/dataset/dataset-master/dataset-master/JPEGImages/BloodImage_00255.jpg,MONOCYTE
/Users/yunhou/course/cs/455/CS6364_resnet_medical_classify/dataset/dataset-master/dataset-master/JPEGImages/BloodImage_00125.jpg,NEUTROPHIL
/Users/yunhou/course/cs/455/CS6364_resnet_medical_classify/dataset/dataset-master/dataset-master/JPEGImages/BloodImage_00006.jpg,NEUTROPHIL
/Users/yunhou/course/cs/455/CS6364_resnet_medical_classify/dataset/dataset-master/dataset-master/JPEGImages/BloodImage_00337.jpg,NEUTROPHIL
/Users/yunhou/course/cs/455/CS6364_resnet_medical_classify/dataset/dataset-master/dataset-master/JPEGImages/BloodImage_00064.jpg,EOSINOPHIL
/Users/yunhou/course/cs/455/CS6364_resnet_medical_classify/dataset/dataset-master/dataset-master/JPEGImages/BloodImage_00109.jpg,EOSINOPHIL
/Users/yunhou/course/cs/455/CS6364_resnet_medical_classify/dataset/dataset-master/dataset-master/JPEGImages/BloodImage_00268.jpg,NEUTROPHIL
/Users/yunhou/course/cs/455/CS6364_resnet_medical_classify/dataset/dataset-master/dataset-master/JPEGImages/BloodImage_00360.jpg,NEUTROPHIL
/Users/yunhou/course/cs/455/CS6364_resnet_medical_classify/dataset/dataset-master/dataset-master/JPEGImages/BloodImage_00007.jpg,NEUTROPHIL
/Users/yunhou/course/cs/455/CS6364_resnet_medical_classify/dataset/dataset-master/dataset-master/JPEGImages/BloodImage_00389.jpg,NEUTROPHIL
/Users/yunhou/course/cs/455/CS6364_resnet_medical_classify/dataset/dataset-master/dataset-master/JPEGImages/BloodImage_00231.jpg,NEUTROPHIL
/Users/yunhou/course/cs/455/CS6364_resnet_medical_classify/dataset/dataset-master/dataset-master/JPEGImages/BloodImage_00017.jpg,EOSINOPHIL
/Users/yunhou/course/cs/455/CS6364_resnet_medical_classify/dataset/dataset-master/dataset-master/JPEGImages/BloodImage_00087.jpg,NEUTROPHIL
/Users/yunhou/course/cs/455/CS6364_resnet_medical_classify/dataset/dataset-master/dataset-master/JPEGImages/BloodImage_00113.jpg,NEUTROPHIL
/Users/yunhou/course/cs/455/CS6364_resnet_medical_classify/dataset/dataset-master/dataset-master/JPEGImages/BloodImage_00359.jpg,EOSINOPHIL
/Users/yunhou/course/cs/455/CS6364_resnet_medical_classify/dataset/dataset-master/dataset-master/JPEGImages/BloodImage_00217.jpg,LYMPHOCYTE
/Users/yunhou/course/cs/455/CS6364_resnet_medical_classify/dataset/dataset-master/dataset-master/JPEGImages/BloodImage_00253.jpg,EOSINOPHIL
/Users/yunhou/course/cs/455/CS6364_resnet_medical_classify/dataset/dataset-master/dataset-master/JPEGImages/BloodImage_00326.jpg,NEUTROPHIL
/Users/yunhou/course/cs/455/CS6364_resnet_medical_classify/dataset/dataset-master/dataset-master/JPEGImages/BloodImage_00172.jpg,NEUTROPHIL
/Users/yunhou/course/cs/455/CS6364_resnet_medical_classify/dataset/dataset-master/dataset-master/JPEGImages/BloodImage_00040.jpg,MONOCYTE
/Users/yunhou/course/cs/455/CS6364_resnet_medical_classify/dataset/dataset-master/dataset-master/JPEGImages/BloodImage_00033.jpg,NEUTROPHIL
/Users/yunhou/course/cs/455/CS6364_resnet_medical_classify/dataset/dataset-master/dataset-master/JPEGImages/BloodImage_00318.jpg,MONOCYTE
/Users/yunhou/course/cs/455/CS6364_resnet_medical_classify/dataset/dataset-master/dataset-master/JPEGImages/BloodImage_00269.jpg,EOSINOPHIL
/Users/yunhou/course/cs/455/CS6364_resnet_medical_classify/dataset/dataset-master/dataset-master/JPEGImages/BloodImage_00391.jpg,NEUTROPHIL
/Users/yunhou/course/cs/455/CS6364_resnet_medical_classify/dataset/dataset-master/dataset-master/JPEGImages/BloodImage_00124.jpg,NEUTROPHIL
/Users/yunhou/course/cs/455/CS6364_resnet_medical_classify/dataset/dataset-master/dataset-master/JPEGImages/BloodImage_00300.jpg,NEUTROPHIL
/Users/yunhou/course/cs/455/CS6364_resnet_medical_classify/dataset/dataset-master/dataset-master/JPEGImages/BloodImage_00397.jpg,NEUTROPHIL
/Users/yunhou/course/cs/455/CS6364_resnet_medical_classify/dataset/dataset-master/dataset-master/JPEGImages/BloodImage_00398.jpg,NEUTROPHIL
/Users/yunhou/course/cs/455/CS6364_resnet_medical_classify/dataset/dataset-master/dataset-master/JPEGImages/BloodImage_00090.jpg,EOSINOPHIL
/Users/yunhou/course/cs/455/CS6364_resnet_medical_classify/dataset/dataset-master/dataset-master/JPEGImages/BloodImage_00199.jpg,NEUTROPHIL
/Users/yunhou/course/cs/455/CS6364_resnet_medical_classify/dataset/dataset-master/dataset-master/JPEGImages/BloodImage_00088.jpg,EOSINOPHIL
/Users/yunhou/course/cs/455/CS6364_resnet_medical_classify/dataset/dataset-master/dataset-master/JPEGImages/BloodImage_00016.jpg,NEUTROPHIL
/Users/yunhou/course/cs/455/CS6364_resnet_medical_classify/dataset/dataset-master/dataset-master/JPEGImages/BloodImage_00291.jpg,MONOCYTE
/Users/yunhou/course/cs/455/CS6364_resnet_medical_classify/dataset/dataset-master/dataset-master/JPEGImages/BloodImage_00346.jpg,NEUTROPHIL
/Users/yunhou/course/cs/455/CS6364_resnet_medical_classify/dataset/dataset-master/dataset-master/JPEGImages/BloodImage_00292.jpg,EOSINOPHIL
/Users/yunhou/course/cs/455/CS6364_resnet_medical_classify/dataset/dataset-master/dataset-master/JPEGImages/BloodImage_00166.jpg,NEUTROPHIL
/Users/yunhou/course/cs/455/CS6364_resnet_medical_classify/dataset/dataset-master/dataset-master/JPEGImages/BloodImage_00136.jpg,NEUTROPHIL
/Users/yunhou/course/cs/455/CS6364_resnet_medical_classify/dataset/dataset-master/dataset-master/JPEGImages/BloodImage_00294.jpg,NEUTROPHIL
/Users/yunhou/course/cs/455/CS6364_resnet_medical_classify/dataset/dataset-master/dataset-master/JPEGImages/BloodImage_00055.jpg,LYMPHOCYTE
/Users/yunhou/course/cs/455/CS6364_resnet_medical_classify/dataset/dataset-master/dataset-master/JPEGImages/BloodImage_00058.jpg,EOSINOPHIL
/Users/yunhou/course/cs/455/CS6364_resnet_medical_classify/dataset/dataset-master/dataset-master/JPEGImages/BloodImage_00307.jpg,NEUTROPHIL
/Users/yunhou/course/cs/455/CS6364_resnet_medical_classify/dataset/dataset-master/dataset-master/JPEGImages/BloodImage_00145.jpg,NEUTROPHIL
/Users/yunhou/course/cs/455/CS6364_resnet_medical_classify/dataset/dataset-master/dataset-master/JPEGImages/BloodImage_00355.jpg,NEUTROPHIL
/Users/yunhou/course/cs/455/CS6364_resnet_medical_classify/dataset/dataset-master/dataset-master/JPEGImages/BloodImage_00248.jpg,NEUTROPHIL
/Users/yunhou/course/cs/455/CS6364_resnet_medical_classify/dataset/dataset-master/dataset-master/JPEGImages/BloodImage_00211.jpg,LYMPHOCYTE
/Users/yunhou/course/cs/455/CS6364_resnet_medical_classify/dataset/dataset-master/dataset-master/JPEGImages/BloodImage_00001.jpg,NEUTROPHIL
/Users/yunhou/course/cs/455/CS6364_resnet_medical_classify/dataset/dataset-master/dataset-master/JPEGImages/BloodImage_00149.jpg,EOSINOPHIL
/Users/yunhou/course/cs/455/CS6364_resnet_medical_classify/dataset/dataset-master/dataset-master/JPEGImages/BloodImage_00308.jpg,NEUTROPHIL
/Users/yunhou/course/cs/455/CS6364_resnet_medical_classify/dataset/dataset-master/dataset-master/JPEGImages/BloodImage_00244.jpg,NEUTROPHIL
/Users/yunhou/course/cs/455/CS6364_resnet_medical_classify/dataset/dataset-master/dataset-master/JPEGImages/BloodImage_00072.jpg,NEUTROPHIL
/Users/yunhou/course/cs/455/CS6364_resnet_medical_classify/dataset/dataset-master/dataset-master/JPEGImages/BloodImage_00271.jpg,EOSINOPHIL
/Users/yunhou/course/cs/455/CS6364_resnet_medical_classify/dataset/dataset-master/dataset-master/JPEGImages/BloodImage_00312.jpg,MONOCYTE
/Users/yunhou/course/cs/455/CS6364_resnet_medical_classify/dataset/dataset-master/dataset-master/JPEGImages/BloodImage_00028.jpg,EOSINOPHIL
/Users/yunhou/course/cs/455/CS6364_resnet_medical_classify/dataset/dataset-master/dataset-master/JPEGImages/BloodImage_00159.jpg,NEUTROPHIL
/Users/yunhou/course/cs/455/CS6364_resnet_medical_classify/dataset/dataset-master/dataset-master/JPEGImages/BloodImage_00283.jpg,LYMPHOCYTE
/Users/yunhou/course/cs/455/CS6364_resnet_medical_classify/dataset/dataset-master/dataset-master/JPEGImages/BloodImage_00252.jpg,NEUTROPHIL
/Users/yunhou/course/cs/455/CS6364_resnet_medical_classify/dataset/dataset-master/dataset-master/JPEGImages/BloodImage_00134.jpg,LYMPHOCYTE
/Users/yunhou/course/cs/455/CS6364_resnet_medical_classify/dataset/dataset-master/dataset-master/JPEGImages/BloodImage_00388.jpg,NEUTROPHIL
/Users/yunhou/course/cs/455/CS6364_resnet_medical_classify/dataset/dataset-master/dataset-master/JPEGImages/BloodImage_00184.jpg,EOSINOPHIL
/Users/yunhou/course/cs/455/CS6364_resnet_medical_classify/dataset/dataset-master/dataset-master/JPEGImages/BloodImage_00024.jpg,NEUTROPHIL
/Users/yunhou/course/cs/455/CS6364_resnet_medical_classify/dataset/dataset-master/dataset-master/JPEGImages/BloodImage_00335.jpg,MONOCYTE
/Users/yunhou/course/cs/455/CS6364_resnet_medical_classify/dataset/dataset-master/dataset-master/JPEGImages/BloodImage_00232.jpg,MONOCYTE
/Users/yunhou/course/cs/455/CS6364_resnet_medical_classify/dataset/dataset-master/dataset-master/JPEGImages/BloodImage_00111.jpg,LYMPHOCYTE
/Users/yunhou/course/cs/455/CS6364_resnet_medical_classify/dataset/dataset-master/dataset-master/JPEGImages/BloodImage_00014.jpg,NEUTROPHIL
/Users/yunhou/course/cs/455/CS6364_resnet_medical_classify/dataset/dataset-master/dataset-master/JPEGImages/BloodImage_00205.jpg,NEUTROPHIL
/Users/yunhou/course/cs/455/CS6364_resnet_medical_classify/dataset/dataset-master/dataset-master/JPEGImages/BloodImage_00059.jpg,EOSINOPHIL
/Users/yunhou/course/cs/455/CS6364_resnet_medical_classify/dataset/dataset-master/dataset-master/JPEGImages/BloodImage_00282.jpg,NEUTROPHIL
/Users/yunhou/course/cs/455/CS6364_resnet_medical_classify/dataset/dataset-master/dataset-master/JPEGImages/BloodImage_00203.jpg,NEUTROPHIL
/Users/yunhou/course/cs/455/CS6364_resnet_medical_classify/dataset/dataset-master/dataset-master/JPEGImages/BloodImage_00123.jpg,EOSINOPHIL
/Users/yunhou/course/cs/455/CS6364_resnet_medical_classify/dataset/dataset-master/dataset-master/JPEGImages/BloodImage_00170.jpg,NEUTROPHIL
/Users/yunhou/course/cs/455/CS6364_resnet_medical_classify/dataset/dataset-master/dataset-master/JPEGImages/BloodImage_00319.jpg,EOSINOPHIL
/Users/yunhou/course/cs/455/CS6364_resnet_medical_classify/dataset/dataset-master/dataset-master/JPEGImages/BloodImage_00343.jpg,NEUTROPHIL
/Users/yunhou/course/cs/455/CS6364_resnet_medical_classify/dataset/dataset-master/dataset-master/JPEGImages/BloodImage_00030.jpg,NEUTROPHIL
/Users/yunhou/course/cs/455/CS6364_resnet_medical_classify/dataset/dataset-master/dataset-master/JPEGImages/BloodImage_00082.jpg,NEUTROPHIL
/Users/yunhou/course/cs/455/CS6364_resnet_medical_classify/dataset/dataset-master/dataset-master/JPEGImages/BloodImage_00395.jpg,NEUTROPHIL
/Users/yunhou/course/cs/455/CS6364_resnet_medical_classify/dataset/dataset-master/dataset-master/JPEGImages/BloodImage_00057.jpg,EOSINOPHIL
/Users/yunhou/course/cs/455/CS6364_resnet_medical_classify/dataset/dataset-master/dataset-master/JPEGImages/BloodImage_00106.jpg,NEUTROPHIL
/Users/yunhou/course/cs/455/CS6364_resnet_medical_classify/dataset/dataset-master/dataset-master/JPEGImages/BloodImage_00094.jpg,EOSINOPHIL
/Users/yunhou/course/cs/455/CS6364_resnet_medical_classify/dataset/dataset-master/dataset-master/JPEGImages/BloodImage_00289.jpg,EOSINOPHIL
/Users/yunhou/course/cs/455/CS6364_resnet_medical_classify/dataset/dataset-master/dataset-master/JPEGImages/BloodImage_00218.jpg,NEUTROPHIL
/Users/yunhou/course/cs/455/CS6364_resnet_medical_classify/dataset/dataset-master/dataset-master/JPEGImages/BloodImage_00392.jpg,NEUTROPHIL
/Users/yunhou/course/cs/455/CS6364_resnet_medical_classify/dataset/dataset-master/dataset-master/JPEGImages/BloodImage_00120.jpg,LYMPHOCYTE
/Users/yunhou/course/cs/455/CS6364_resnet_medical_classify/dataset/dataset-master/dataset-master/JPEGImages/BloodImage_00196.jpg,MONOCYTE
/Users/yunhou/course/cs/455/CS6364_resnet_medical_classify/dataset/dataset-master/dataset-master/JPEGImages/BloodImage_00229.jpg,LYMPHOCYTE
/Users/yunhou/course/cs/455/CS6364_resnet_medical_classify/dataset/dataset-master/dataset-master/JPEGImages/BloodImage_00221.jpg,NEUTROPHIL
/Users/yunhou/course/cs/455/CS6364_resnet_medical_classify/dataset/dataset-master/dataset-master/JPEGImages/BloodImage_00012.jpg,NEUTROPHIL
/Users/yunhou/course/cs/455/CS6364_resnet_medical_classify/dataset/dataset-master/dataset-master/JPEGImages/BloodImage_00078.jpg,NEUTROPHIL
/Users/yunhou/course/cs/455/CS6364_resnet_medical_classify/dataset/dataset-master/dataset-master/JPEGImages/BloodImage_00222.jpg,NEUTROPHIL
/Users/yunhou/course/cs/455/CS6364_resnet_medical_classify/dataset/dataset-master/dataset-master/JPEGImages/BloodImage_00276.jpg,NEUTROPHIL
/Users/yunhou/course/cs/455/CS6364_resnet_medical_classify/dataset/dataset-master/dataset-master/JPEGImages/BloodImage_00047.jpg,LYMPHOCYTE
/Users/yunhou/course/cs/455/CS6364_resnet_medical_classify/dataset/dataset-master/dataset-master/JPEGImages/BloodImage_00175.jpg,NEUTROPHIL
/Users/yunhou/course/cs/455/CS6364_resnet_medical_classify/dataset/dataset-master/dataset-master/JPEGImages/BloodImage_00310.jpg,NEUTROPHIL
/Users/yunhou/course/cs/455/CS6364_resnet_medical_classify/dataset/dataset-master/dataset-master/JPEGImages/BloodImage_00364.jpg,NEUTROPHIL
/Users/yunhou/course/cs/455/CS6364_resnet_medical_classify/dataset/dataset-master/dataset-master/JPEGImages/BloodImage_00270.jpg,LYMPHOCYTE
/Users/yunhou/course/cs/455/CS6364_resnet_medical_classify/dataset/dataset-master/dataset-master/JPEGImages/BloodImage_00046.jpg,NEUTROPHIL
/Users/yunhou/course/cs/455/CS6364_resnet_medical_classify/dataset/dataset-master/dataset-master/JPEGImages/BloodImage_00178.jpg,NEUTROPHIL
/Users/yunhou/course/cs/455/CS6364_resnet_medical_classify/dataset/dataset-master/dataset-master/JPEGImages/BloodImage_00254.jpg,LYMPHOCYTE
/Users/yunhou/course/cs/455/CS6364_resnet_medical_classify/dataset/dataset-master/dataset-master/JPEGImages/BloodImage_00201.jpg,NEUTROPHIL
/Users/yunhou/course/cs/455/CS6364_resnet_medical_classify/dataset/dataset-master/dataset-master/JPEGImages/BloodImage_00050.jpg,NEUTROPHIL
/Users/yunhou/course/cs/455/CS6364_resnet_medical_classify/dataset/dataset-master/dataset-master/JPEGImages/BloodImage_00165.jpg,EOSINOPHIL
/Users/yunhou/course/cs/455/CS6364_resnet_medical_classify/dataset/dataset-master/dataset-master/JPEGImages/BloodImage_00274.jpg,EOSINOPHIL
/Users/yunhou/course/cs/455/CS6364_resnet_medical_classify/dataset/dataset-master/dataset-master/JPEGImages/BloodImage_00257.jpg,NEUTROPHIL
/Users/yunhou/course/cs/455/CS6364_resnet_medical_classify/dataset/dataset-master/dataset-master/JPEGImages/BloodImage_00345.jpg,EOSINOPHIL
/Users/yunhou/course/cs/455/CS6364_resnet_medical_classify/dataset/dataset-master/dataset-master/JPEGImages/BloodImage_00179.jpg,NEUTROPHIL
/Users/yunhou/course/cs/455/CS6364_resnet_medical_classify/dataset/dataset-master/dataset-master/JPEGImages/BloodImage_00327.jpg,NEUTROPHIL
/Users/yunhou/course/cs/455/CS6364_resnet_medical_classify/dataset/dataset-master/dataset-master/JPEGImages/BloodImage_00341.jpg,NEUTROPHIL
/Users/yunhou/course/cs/455/CS6364_resnet_medical_classify/dataset/dataset-master/dataset-master/JPEGImages/BloodImage_00157.jpg,LYMPHOCYTE
/Users/yunhou/course/cs/455/CS6364_resnet_medical_classify/dataset/dataset-master/dataset-master/JPEGImages/BloodImage_00285.jpg,NEUTROPHIL
/Users/yunhou/course/cs/455/CS6364_resnet_medical_classify/dataset/dataset-master/dataset-master/JPEGImages/BloodImage_00224.jpg,LYMPHOCYTE
/Users/yunhou/course/cs/455/CS6364_resnet_medical_classify/dataset/dataset-master/dataset-master/JPEGImages/BloodImage_00344.jpg,EOSINOPHIL
/Users/yunhou/course/cs/455/CS6364_resnet_medical_classify/dataset/dataset-master/dataset-master/JPEGImages/BloodImage_00216.jpg,NEUTROPHIL
/Users/yunhou/course/cs/455/CS6364_resnet_medical_classify/dataset/dataset-master/dataset-master/JPEGImages/BloodImage_00236.jpg,EOSINOPHIL
/Users/yunhou/course/cs/455/CS6364_resnet_medical_classify/dataset/dataset-master/dataset-master/JPEGImages/BloodImage_00278.jpg,MONOCYTE
/Users/yunhou/course/cs/455/CS6364_resnet_medical_classify/dataset/dataset-master/dataset-master/JPEGImages/BloodImage_00204.jpg,EOSINOPHIL
/Users/yunhou/course/cs/455/CS6364_resnet_medical_classify/dataset/dataset-master/dataset-master/JPEGImages/BloodImage_00320.jpg,NEUTROPHIL
/Users/yunhou/course/cs/455/CS6364_resnet_medical_classify/dataset/dataset-master/dataset-master/JPEGImages/BloodImage_00251.jpg,EOSINOPHIL
/Users/yunhou/course/cs/455/CS6364_resnet_medical_classify/dataset/dataset-master/dataset-master/JPEGImages/BloodImage_00130.jpg,NEUTROPHIL
/Users/yunhou/course/cs/455/CS6364_resnet_medical_classify/dataset/dataset-master/dataset-master/JPEGImages/BloodImage_00210.jpg,NEUTROPHIL
/Users/yunhou/course/cs/455/CS6364_resnet_medical_classify/dataset/dataset-master/dataset-master/JPEGImages/BloodImage_00342.jpg,MONOCYTE
/Users/yunhou/course/cs/455/CS6364_resnet_medical_classify/dataset/dataset-master/dataset-master/JPEGImages/BloodImage_00035.jpg,NEUTROPHIL
/Users/yunhou/course/cs/455/CS6364_resnet_medical_classify/dataset/dataset-master/dataset-master/JPEGImages/BloodImage_00264.jpg,LYMPHOCYTE
/Users/yunhou/course/cs/455/CS6364_resnet_medical_classify/dataset/dataset-master/dataset-master/JPEGImages/BloodImage_00396.jpg,NEUTROPHIL
/Users/yunhou/course/cs/455/CS6364_resnet_medical_classify/dataset/dataset-master/dataset-master/JPEGImages/BloodImage_00164.jpg,NEUTROPHIL
/Users/yunhou/course/cs/455/CS6364_resnet_medical_classify/dataset/dataset-master/dataset-master/JPEGImages/BloodImage_00361.jpg,NEUTROPHIL
/Users/yunhou/course/cs/455/CS6364_resnet_medical_classify/dataset/dataset-master/dataset-master/JPEGImages/BloodImage_00114.jpg,EOSINOPHIL
/Users/yunhou/course/cs/455/CS6364_resnet_medical_classify/dataset/dataset-master/dataset-master/JPEGImages/BloodImage_00240.jpg,EOSINOPHIL
/Users/yunhou/course/cs/455/CS6364_resnet_medical_classify/dataset/dataset-master/dataset-master/JPEGImages/BloodImage_00304.jpg,NEUTROPHIL
/Users/yunhou/course/cs/455/CS6364_resnet_medical_classify/dataset/dataset-master/dataset-master/JPEGImages/BloodImage_00381.jpg,NEUTROPHIL
/Users/yunhou/course/cs/455/CS6364_resnet_medical_classify/dataset/dataset-master/dataset-master/JPEGImages/BloodImage_00108.jpg,EOSINOPHIL
/Users/yunhou/course/cs/455/CS6364_resnet_medical_classify/dataset/dataset-master/dataset-master/JPEGImages/BloodImage_00354.jpg,NEUTROPHIL
/Users/yunhou/course/cs/455/CS6364_resnet_medical_classify/dataset/dataset-master/dataset-master/JPEGImages/BloodImage_00290.jpg,EOSINOPHIL
/Users/yunhou/course/cs/455/CS6364_resnet_medical_classify/dataset/dataset-master/dataset-master/JPEGImages/BloodImage_00317.jpg,NEUTROPHIL
/Users/yunhou/course/cs/455/CS6364_resnet_medical_classify/dataset/dataset-master/dataset-master/JPEGImages/BloodImage_00350.jpg,NEUTROPHIL
/Users/yunhou/course/cs/455/CS6364_resnet_medical_classify/dataset/dataset-master/dataset-master/JPEGImages/BloodImage_00379.jpg,NEUTROPHIL
/Users/yunhou/course/cs/455/CS6364_resnet_medical_classify/dataset/dataset-master/dataset-master/JPEGImages/BloodImage_00362.jpg,NEUTROPHIL
/Users/yunhou/course/cs/455/CS6364_resnet_medical_classify/dataset/dataset-master/dataset-master/JPEGImages/BloodImage_00410.jpg,EOSINOPHIL
/Users/yunhou/course/cs/455/CS6364_resnet_medical_classify/dataset/dataset-master/dataset-master/JPEGImages/BloodImage_00323.jpg,MONOCYTE
/Users/yunhou/course/cs/455/CS6364_resnet_medical_classify/dataset/dataset-master/dataset-master/JPEGImages/BloodImage_00301.jpg,NEUTROPHIL
/Users/yunhou/course/cs/455/CS6364_resnet_medical_classify/dataset/dataset-master/dataset-master/JPEGImages/BloodImage_00322.jpg,NEUTROPHIL
/Users/yunhou/course/cs/455/CS6364_resnet_medical_classify/dataset/dataset-master/dataset-master/JPEGImages/BloodImage_00299.jpg,EOSINOPHIL
/Users/yunhou/course/cs/455/CS6364_resnet_medical_classify/dataset/dataset-master/dataset-master/JPEGImages/BloodImage_00096.jpg,EOSINOPHIL
/Users/yunhou/course/cs/455/CS6364_resnet_medical_classify/dataset/dataset-master/dataset-master/JPEGImages/BloodImage_00086.jpg,NEUTROPHIL
/Users/yunhou/course/cs/455/CS6364_resnet_medical_classify/dataset/dataset-master/dataset-master/JPEGImages/BloodImage_00098.jpg,NEUTROPHIL
/Users/yunhou/course/cs/455/CS6364_resnet_medical_classify/dataset/dataset-master/dataset-master/JPEGImages/BloodImage_00226.jpg,EOSINOPHIL
/Users/yunhou/course/cs/455/CS6364_resnet_medical_classify/dataset/dataset-master/dataset-master/JPEGImages/BloodImage_00093.jpg,EOSINOPHIL
/Users/yunhou/course/cs/455/CS6364_resnet_medical_classify/dataset/dataset-master/dataset-master/JPEGImages/BloodImage_00220.jpg,EOSINOPHIL
/Users/yunhou/course/cs/455/CS6364_resnet_medical_classify/dataset/dataset-master/dataset-master/JPEGImages/BloodImage_00048.jpg,EOSINOPHIL
/Users/yunhou/course/cs/455/CS6364_resnet_medical_classify/dataset/dataset-master/dataset-master/JPEGImages/BloodImage_00135.jpg,EOSINOPHIL
/Users/yunhou/course/cs/455/CS6364_resnet_medical_classify/dataset/dataset-master/dataset-master/JPEGImages/BloodImage_00383.jpg,EOSINOPHIL
/Users/yunhou/course/cs/455/CS6364_resnet_medical_classify/dataset/dataset-master/dataset-master/JPEGImages/BloodImage_00023.jpg,EOSINOPHIL
/Users/yunhou/course/cs/455/CS6364_resnet_medical_classify/dataset/dataset-master/dataset-master/JPEGImages/BloodImage_00045.jpg,EOSINOPHIL
/Users/yunhou/course/cs/455/CS6364_resnet_medical_classify/dataset/dataset-master/dataset-master/JPEGImages/BloodImage_00143.jpg,EOSINOPHIL
/Users/yunhou/course/cs/455/CS6364_resnet_medical_classify/dataset/dataset-master/dataset-master/JPEGImages/BloodImage_00219.jpg,EOSINOPHIL
/Users/yunhou/course/cs/455/CS6364_resnet_medical_classify/dataset/dataset-master/dataset-master/JPEGImages/BloodImage_00265.jpg,EOSINOPHIL
/Users/yunhou/course/cs/455/CS6364_resnet_medical_classify/dataset/dataset-master/dataset-master/JPEGImages/BloodImage_00162.jpg,EOSINOPHIL
/Users/yunhou/course/cs/455/CS6364_resnet_medical_classify/dataset/dataset-master/dataset-master/JPEGImages/BloodImage_00387.jpg,EOSINOPHIL
/Users/yunhou/course/cs/455/CS6364_resnet_medical_classify/dataset/dataset-master/dataset-master/JPEGImages/BloodImage_00261.jpg,EOSINOPHIL
/Users/yunhou/course/cs/455/CS6364_resnet_medical_classify/dataset/dataset-master/dataset-master/JPEGImages/BloodImage_00068.jpg,EOSINOPHIL
/Users/yunhou/course/cs/455/CS6364_resnet_medical_classify/dataset/dataset-master/dataset-master/JPEGImages/BloodImage_00353.jpg,EOSINOPHIL
/Users/yunhou/course/cs/455/CS6364_resnet_medical_classify/dataset/dataset-master/dataset-master/JPEGImages/BloodImage_00187.jpg,EOSINOPHIL
/Users/yunhou/course/cs/455/CS6364_resnet_medical_classify/dataset/dataset-master/dataset-master/JPEGImages/BloodImage_00100.jpg,EOSINOPHIL
/Users/yunhou/course/cs/455/CS6364_resnet_medical_classify/dataset/dataset-master/dataset-master/JPEGImages/BloodImage_00101.jpg,EOSINOPHIL
/Users/yunhou/course/cs/455/CS6364_resnet_medical_classify/dataset/dataset-master/dataset-master/JPEGImages/BloodImage_00144.jpg,EOSINOPHIL
/Users/yunhou/course/cs/455/CS6364_resnet_medical_classify/dataset/dataset-master/dataset-master/JPEGImages/BloodImage_00069.jpg,EOSINOPHIL
/Users/yunhou/course/cs/455/CS6364_resnet_medical_classify/dataset/dataset-master/dataset-master/JPEGImages/BloodImage_00095.jpg,EOSINOPHIL
/Users/yunhou/course/cs/455/CS6364_resnet_medical_classify/dataset/dataset-master/dataset-master/JPEGImages/BloodImage_00075.jpg,EOSINOPHIL
/Users/yunhou/course/cs/455/CS6364_resnet_medical_classify/dataset/dataset-master/dataset-master/JPEGImages/BloodImage_00177.jpg,EOSINOPHIL
/Users/yunhou/course/cs/455/CS6364_resnet_medical_classify/dataset/dataset-master/dataset-master/JPEGImages/BloodImage_00139.jpg,EOSINOPHIL
/Users/yunhou/course/cs/455/CS6364_resnet_medical_classify/dataset/dataset-master/dataset-master/JPEGImages/BloodImage_00036.jpg,EOSINOPHIL
/Users/yunhou/course/cs/455/CS6364_resnet_medical_classify/dataset/dataset-master/dataset-master/JPEGImages/BloodImage_00141.jpg,EOSINOPHIL
/Users/yunhou/course/cs/455/CS6364_resnet_medical_classify/dataset/dataset-master/dataset-master/JPEGImages/BloodImage_00158.jpg,EOSINOPHIL
/Users/yunhou/course/cs/455/CS6364_resnet_medical_classify/dataset/dataset-master/dataset-master/JPEGImages/BloodImage_00352.jpg,EOSINOPHIL
/Users/yunhou/course/cs/455/CS6364_resnet_medical_classify/dataset/dataset-master/dataset-master/JPEGImages/BloodImage_00026.jpg,EOSINOPHIL
/Users/yunhou/course/cs/455/CS6364_resnet_medical_classify/dataset/dataset-master/dataset-master/JPEGImages/BloodImage_00133.jpg,EOSINOPHIL
/Users/yunhou/course/cs/455/CS6364_resnet_medical_classify/dataset/dataset-master/dataset-master/JPEGImages/BloodImage_00147.jpg,EOSINOPHIL
/Users/yunhou/course/cs/455/CS6364_resnet_medical_classify/dataset/dataset-master/dataset-master/JPEGImages/BloodImage_00160.jpg,EOSINOPHIL
/Users/yunhou/course/cs/455/CS6364_resnet_medical_classify/dataset/dataset-master/dataset-master/JPEGImages/BloodImage_00009.jpg,EOSINOPHIL
/Users/yunhou/course/cs/455/CS6364_resnet_medical_classify/dataset/dataset-master/dataset-master/JPEGImages/BloodImage_00137.jpg,EOSINOPHIL
/Users/yunhou/course/cs/455/CS6364_resnet_medical_classify/dataset/dataset-master/dataset-master/JPEGImages/BloodImage_00228.jpg,EOSINOPHIL
/Users/yunhou/course/cs/455/CS6364_resnet_medical_classify/dataset/dataset-master/dataset-master/JPEGImages/BloodImage_00062.jpg,EOSINOPHIL
/Users/yunhou/course/cs/455/CS6364_resnet_medical_classify/dataset/dataset-master/dataset-master/JPEGImages/BloodImage_00056.jpg,EOSINOPHIL
/Users/yunhou/course/cs/455/CS6364_resnet_medical_classify/dataset/dataset-master/dataset-master/JPEGImages/BloodImage_00284.jpg,EOSINOPHIL
/Users/yunhou/course/cs/455/CS6364_resnet_medical_classify/dataset/dataset-master/dataset-master/JPEGImages/BloodImage_00064.jpg,EOSINOPHIL
/Users/yunhou/course/cs/455/CS6364_resnet_medical_classify/dataset/dataset-master/dataset-master/JPEGImages/BloodImage_00109.jpg,EOSINOPHIL
/Users/yunhou/course/cs/455/CS6364_resnet_medical_classify/dataset/dataset-master/dataset-master/JPEGImages/BloodImage_00017.jpg,EOSINOPHIL
/Users/yunhou/course/cs/455/CS6364_resnet_medical_classify/dataset/dataset-master/dataset-master/JPEGImages/BloodImage_00359.jpg,EOSINOPHIL
/Users/yunhou/course/cs/455/CS6364_resnet_medical_classify/dataset/dataset-master/dataset-master/JPEGImages/BloodImage_00253.jpg,EOSINOPHIL
/Users/yunhou/course/cs/455/CS6364_resnet_medical_classify/dataset/dataset-master/dataset-master/JPEGImages/BloodImage_00269.jpg,EOSINOPHIL
/Users/yunhou/course/cs/455/CS6364_resnet_medical_classify/dataset/dataset-master/dataset-master/JPEGImages/BloodImage_00090.jpg,EOSINOPHIL
/Users/yunhou/course/cs/455/CS6364_resnet_medical_classify/dataset/dataset-master/dataset-master/JPEGImages/BloodImage_00088.jpg,EOSINOPHIL
/Users/yunhou/course/cs/455/CS6364_resnet_medical_classify/dataset/dataset-master/dataset-master/JPEGImages/BloodImage_00292.jpg,EOSINOPHIL
/Users/yunhou/course/cs/455/CS6364_resnet_medical_classify/dataset/dataset-master/dataset-master/JPEGImages/BloodImage_00058.jpg,EOSINOPHIL
/Users/yunhou/course/cs/455/CS6364_resnet_medical_classify/dataset/dataset-master/dataset-master/JPEGImages/BloodImage_00149.jpg,EOSINOPHIL
/Users/yunhou/course/cs/455/CS6364_resnet_medical_classify/dataset/dataset-master/dataset-master/JPEGImages/BloodImage_00271.jpg,EOSINOPHIL
/Users/yunhou/course/cs/455/CS6364_resnet_medical_classify/dataset/dataset-master/dataset-master/JPEGImages/BloodImage_00028.jpg,EOSINOPHIL
/Users/yunhou/course/cs/455/CS6364_resnet_medical_classify/dataset/dataset-master/dataset-master/JPEGImages/BloodImage_00184.jpg,EOSINOPHIL
/Users/yunhou/course/cs/455/CS6364_resnet_medical_classify/dataset/dataset-master/dataset-master/JPEGImages/BloodImage_00059.jpg,EOSINOPHIL
/Users/yunhou/course/cs/455/CS6364_resnet_medical_classify/dataset/dataset-master/dataset-master/JPEGImages/BloodImage_00123.jpg,EOSINOPHIL
/Users/yunhou/course/cs/455/CS6364_resnet_medical_classify/dataset/dataset-master/dataset-master/JPEGImages/BloodImage_00319.jpg,EOSINOPHIL
/Users/yunhou/course/cs/455/CS6364_resnet_medical_classify/dataset/dataset-master/dataset-master/JPEGImages/BloodImage_00057.jpg,EOSINOPHIL
/Users/yunhou/course/cs/455/CS6364_resnet_medical_classify/dataset/dataset-master/dataset-master/JPEGImages/BloodImage_00094.jpg,EOSINOPHIL
/Users/yunhou/course/cs/455/CS6364_resnet_medical_classify/dataset/dataset-master/dataset-master/JPEGImages/BloodImage_00289.jpg,EOSINOPHIL
/Users/yunhou/course/cs/455/CS6364_resnet_medical_classify/dataset/dataset-master/dataset-master/JPEGImages/BloodImage_00165.jpg,EOSINOPHIL
/Users/yunhou/course/cs/455/CS6364_resnet_medical_classify/dataset/dataset-master/dataset-master/JPEGImages/BloodImage_00274.jpg,EOSINOPHIL
/Users/yunhou/course/cs/455/CS6364_resnet_medical_classify/dataset/dataset-master/dataset-master/JPEGImages/BloodImage_00345.jpg,EOSINOPHIL
/Users/yunhou/course/cs/455/CS6364_resnet_medical_classify/dataset/dataset-master/dataset-master/JPEGImages/BloodImage_00344.jpg,EOSINOPHIL
/Users/yunhou/course/cs/455/CS6364_resnet_medical_classify/dataset/dataset-master/dataset-master/JPEGImages/BloodImage_00236.jpg,EOSINOPHIL
/Users/yunhou/course/cs/455/CS6364_resnet_medical_classify/dataset/dataset-master/dataset-master/JPEGImages/BloodImage_00204.jpg,EOSINOPHIL
/Users/yunhou/course/cs/455/CS6364_resnet_medical_classify/dataset/dataset-master/dataset-master/JPEGImages/BloodImage_00251.jpg,EOSINOPHIL
/Users/yunhou/course/cs/455/CS6364_resnet_medical_classify/dataset/dataset-master/dataset-master/JPEGImages/BloodImage_00114.jpg,EOSINOPHIL
/Users/yunhou/course/cs/455/CS6364_resnet_medical_classify/dataset/dataset-master/dataset-master/JPEGImages/BloodImage_00240.jpg,EOSINOPHIL
/Users/yunhou/course/cs/455/CS6364_resnet_medical_classify/dataset/dataset-master/dataset-master/JPEGImages/BloodImage_00108.jpg,EOSINOPHIL
/Users/yunhou/course/cs/455/CS6364_resnet_medical_classify/dataset/dataset-master/dataset-master/JPEGImages/BloodImage_00290.jpg,EOSINOPHIL
/Users/yunhou/course/cs/455/CS6364_resnet_medical_classify/dataset/dataset-master/dataset-master/JPEGImages/BloodImage_00410.jpg,EOSINOPHIL
/Users/yunhou/course/cs/455/CS6364_resnet_medical_classify/dataset/dataset-master/dataset-master/JPEGImages/BloodImage_00299.jpg,EOSINOPHIL
/Users/yunhou/course/cs/455/CS6364_resnet_medical_classify/dataset/dataset-master/dataset-master/JPEGImages/BloodImage_00096.jpg,EOSINOPHIL
/Users/yunhou/course/cs/455/CS6364_resnet_medical_classify/dataset/dataset-master/dataset-master/JPEGImages/BloodImage_00226.jpg,EOSINOPHIL
/Users/yunhou/course/cs/455/CS6364_resnet_medical_classify/dataset/dataset-master/dataset-master/JPEGImages/BloodImage_00309.jpg,MONOCYTE
/Users/yunhou/course/cs/455/CS6364_resnet_medical_classify/dataset/dataset-master/dataset-master/JPEGImages/BloodImage_00225.jpg,MONOCYTE
/Users/yunhou/course/cs/455/CS6364_resnet_medical_classify/dataset/dataset-master/dataset-master/JPEGImages/BloodImage_00083.jpg,MONOCYTE
/Users/yunhou/course/cs/455/CS6364_resnet_medical_classify/dataset/dataset-master/dataset-master/JPEGImages/BloodImage_00104.jpg,MONOCYTE
/Users/yunhou/course/cs/455/CS6364_resnet_medical_classify/dataset/dataset-master/dataset-master/JPEGImages/BloodImage_00015.jpg,MONOCYTE
/Users/yunhou/course/cs/455/CS6364_resnet_medical_classify/dataset/dataset-master/dataset-master/JPEGImages/BloodImage_00262.jpg,MONOCYTE
/Users/yunhou/course/cs/455/CS6364_resnet_medical_classify/dataset/dataset-master/dataset-master/JPEGImages/BloodImage_00281.jpg,MONOCYTE
/Users/yunhou/course/cs/455/CS6364_resnet_medical_classify/dataset/dataset-master/dataset-master/JPEGImages/BloodImage_00255.jpg,MONOCYTE
/Users/yunhou/course/cs/455/CS6364_resnet_medical_classify/dataset/dataset-master/dataset-master/JPEGImages/BloodImage_00040.jpg,MONOCYTE
/Users/yunhou/course/cs/455/CS6364_resnet_medical_classify/dataset/dataset-master/dataset-master/JPEGImages/BloodImage_00318.jpg,MONOCYTE
/Users/yunhou/course/cs/455/CS6364_resnet_medical_classify/dataset/dataset-master/dataset-master/JPEGImages/BloodImage_00291.jpg,MONOCYTE
/Users/yunhou/course/cs/455/CS6364_resnet_medical_classify/dataset/dataset-master/dataset-master/JPEGImages/BloodImage_00312.jpg,MONOCYTE
/Users/yunhou/course/cs/455/CS6364_resnet_medical_classify/dataset/dataset-master/dataset-master/JPEGImages/BloodImage_00335.jpg,MONOCYTE
/Users/yunhou/course/cs/455/CS6364_resnet_medical_classify/dataset/dataset-master/dataset-master/JPEGImages/BloodImage_00232.jpg,MONOCYTE
/Users/yunhou/course/cs/455/CS6364_resnet_medical_classify/dataset/dataset-master/dataset-master/JPEGImages/BloodImage_00196.jpg,MONOCYTE
/Users/yunhou/course/cs/455/CS6364_resnet_medical_classify/dataset/dataset-master/dataset-master/JPEGImages/BloodImage_00278.jpg,MONOCYTE
/Users/yunhou/course/cs/455/CS6364_resnet_medical_classify/dataset/dataset-master/dataset-master/JPEGImages/BloodImage_00342.jpg,MONOCYTE
/Users/yunhou/course/cs/455/CS6364_resnet_medical_classify/dataset/dataset-master/dataset-master/JPEGImages/BloodImage_00323.jpg,MONOCYTE
/Users/yunhou/course/cs/455/CS6364_resnet_medical_classify/dataset/dataset-master/dataset-master/JPEGImages/BloodImage_00309.jpg,MONOCYTE
/Users/yunhou/course/cs/455/CS6364_resnet_medical_classify/dataset/dataset-master/dataset-master/JPEGImages/BloodImage_00225.jpg,MONOCYTE
/Users/yunhou/course/cs/455/CS6364_resnet_medical_classify/dataset/dataset-master/dataset-master/JPEGImages/BloodImage_00083.jpg,MONOCYTE
/Users/yunhou/course/cs/455/CS6364_resnet_medical_classify/dataset/dataset-master/dataset-master/JPEGImages/BloodImage_00104.jpg,MONOCYTE
/Users/yunhou/course/cs/455/CS6364_resnet_medical_classify/dataset/dataset-master/dataset-master/JPEGImages/BloodImage_00015.jpg,MONOCYTE
/Users/yunhou/course/cs/455/CS6364_resnet_medical_classify/dataset/dataset-master/dataset-master/JPEGImages/BloodImage_00262.jpg,MONOCYTE
/Users/yunhou/course/cs/455/CS6364_resnet_medical_classify/dataset/dataset-master/dataset-master/JPEGImages/BloodImage_00281.jpg,MONOCYTE
/Users/yunhou/course/cs/455/CS6364_resnet_medical_classify/dataset/dataset-master/dataset-master/JPEGImages/BloodImage_00255.jpg,MONOCYTE
/Users/yunhou/course/cs/455/CS6364_resnet_medical_classify/dataset/dataset-master/dataset-master/JPEGImages/BloodImage_00040.jpg,MONOCYTE
/Users/yunhou/course/cs/455/CS6364_resnet_medical_classify/dataset/dataset-master/dataset-master/JPEGImages/BloodImage_00318.jpg,MONOCYTE
/Users/yunhou/course/cs/455/CS6364_resnet_medical_classify/dataset/dataset-master/dataset-master/JPEGImages/BloodImage_00291.jpg,MONOCYTE
/Users/yunhou/course/cs/455/CS6364_resnet_medical_classify/dataset/dataset-master/dataset-master/JPEGImages/BloodImage_00312.jpg,MONOCYTE
/Users/yunhou/course/cs/455/CS6364_resnet_medical_classify/dataset/dataset-master/dataset-master/JPEGImages/BloodImage_00335.jpg,MONOCYTE
/Users/yunhou/course/cs/455/CS6364_resnet_medical_classify/dataset/dataset-master/dataset-master/JPEGImages/BloodImage_00232.jpg,MONOCYTE
/Users/yunhou/course/cs/455/CS6364_resnet_medical_classify/dataset/dataset-master/dataset-master/JPEGImages/BloodImage_00196.jpg,MONOCYTE
/Users/yunhou/course/cs/455/CS6364_resnet_medical_classify/dataset/dataset-master/dataset-master/JPEGImages/BloodImage_00278.jpg,MONOCYTE
/Users/yunhou/course/cs/455/CS6364_resnet_medical_classify/dataset/dataset-master/dataset-master/JPEGImages/BloodImage_00342.jpg,MONOCYTE
/Users/yunhou/course/cs/455/CS6364_resnet_medical_classify/dataset/dataset-master/dataset-master/JPEGImages/BloodImage_00323.jpg,MONOCYTE
/Users/yunhou/course/cs/455/CS6364_resnet_medical_classify/dataset/dataset-master/dataset-master/JPEGImages/BloodImage_00309.jpg,MONOCYTE
/Users/yunhou/course/cs/455/CS6364_resnet_medical_classify/dataset/dataset-master/dataset-master/JPEGImages/BloodImage_00225.jpg,MONOCYTE
/Users/yunhou/course/cs/455/CS6364_resnet_medical_classify/dataset/dataset-master/dataset-master/JPEGImages/BloodImage_00083.jpg,MONOCYTE
/Users/yunhou/course/cs/455/CS6364_resnet_medical_classify/dataset/dataset-master/dataset-master/JPEGImages/BloodImage_00104.jpg,MONOCYTE
/Users/yunhou/course/cs/455/CS6364_resnet_medical_classify/dataset/dataset-master/dataset-master/JPEGImages/BloodImage_00015.jpg,MONOCYTE
/Users/yunhou/course/cs/455/CS6364_resnet_medical_classify/dataset/dataset-master/dataset-master/JPEGImages/BloodImage_00262.jpg,MONOCYTE
/Users/yunhou/course/cs/455/CS6364_resnet_medical_classify/dataset/dataset-master/dataset-master/JPEGImages/BloodImage_00281.jpg,MONOCYTE
/Users/yunhou/course/cs/455/CS6364_resnet_medical_classify/dataset/dataset-master/dataset-master/JPEGImages/BloodImage_00255.jpg,MONOCYTE
/Users/yunhou/course/cs/455/CS6364_resnet_medical_classify/dataset/dataset-master/dataset-master/JPEGImages/BloodImage_00040.jpg,MONOCYTE
/Users/yunhou/course/cs/455/CS6364_resnet_medical_classify/dataset/dataset-master/dataset-master/JPEGImages/BloodImage_00318.jpg,MONOCYTE
/Users/yunhou/course/cs/455/CS6364_resnet_medical_classify/dataset/dataset-master/dataset-master/JPEGImages/BloodImage_00291.jpg,MONOCYTE
/Users/yunhou/course/cs/455/CS6364_resnet_medical_classify/dataset/dataset-master/dataset-master/JPEGImages/BloodImage_00312.jpg,MONOCYTE
/Users/yunhou/course/cs/455/CS6364_resnet_medical_classify/dataset/dataset-master/dataset-master/JPEGImages/BloodImage_00335.jpg,MONOCYTE
/Users/yunhou/course/cs/455/CS6364_resnet_medical_classify/dataset/dataset-master/dataset-master/JPEGImages/BloodImage_00232.jpg,MONOCYTE
/Users/yunhou/course/cs/455/CS6364_resnet_medical_classify/dataset/dataset-master/dataset-master/JPEGImages/BloodImage_00196.jpg,MONOCYTE
/Users/yunhou/course/cs/455/CS6364_resnet_medical_classify/dataset/dataset-master/dataset-master/JPEGImages/BloodImage_00278.jpg,MONOCYTE
/Users/yunhou/course/cs/455/CS6364_resnet_medical_classify/dataset/dataset-master/dataset-master/JPEGImages/BloodImage_00342.jpg,MONOCYTE
/Users/yunhou/course/cs/455/CS6364_resnet_medical_classify/dataset/dataset-master/dataset-master/JPEGImages/BloodImage_00323.jpg,MONOCYTE
/Users/yunhou/course/cs/455/CS6364_resnet_medical_classify/dataset/dataset-master/dataset-master/JPEGImages/BloodImage_00275.jpg,LYMPHOCYTE
/Users/yunhou/course/cs/455/CS6364_resnet_medical_classify/dataset/dataset-master/dataset-master/JPEGImages/BloodImage_00037.jpg,LYMPHOCYTE
/Users/yunhou/course/cs/455/CS6364_resnet_medical_classify/dataset/dataset-master/dataset-master/JPEGImages/BloodImage_00241.jpg,LYMPHOCYTE
/Users/yunhou/course/cs/455/CS6364_resnet_medical_classify/dataset/dataset-master/dataset-master/JPEGImages/BloodImage_00258.jpg,LYMPHOCYTE
/Users/yunhou/course/cs/455/CS6364_resnet_medical_classify/dataset/dataset-master/dataset-master/JPEGImages/BloodImage_00356.jpg,LYMPHOCYTE
/Users/yunhou/course/cs/455/CS6364_resnet_medical_classify/dataset/dataset-master/dataset-master/JPEGImages/BloodImage_00347.jpg,LYMPHOCYTE
/Users/yunhou/course/cs/455/CS6364_resnet_medical_classify/dataset/dataset-master/dataset-master/JPEGImages/BloodImage_00191.jpg,LYMPHOCYTE
/Users/yunhou/course/cs/455/CS6364_resnet_medical_classify/dataset/dataset-master/dataset-master/JPEGImages/BloodImage_00305.jpg,LYMPHOCYTE
/Users/yunhou/course/cs/455/CS6364_resnet_medical_classify/dataset/dataset-master/dataset-master/JPEGImages/BloodImage_00038.jpg,LYMPHOCYTE
/Users/yunhou/course/cs/455/CS6364_resnet_medical_classify/dataset/dataset-master/dataset-master/JPEGImages/BloodImage_00054.jpg,LYMPHOCYTE
/Users/yunhou/course/cs/455/CS6364_resnet_medical_classify/dataset/dataset-master/dataset-master/JPEGImages/BloodImage_00076.jpg,LYMPHOCYTE
/Users/yunhou/course/cs/455/CS6364_resnet_medical_classify/dataset/dataset-master/dataset-master/JPEGImages/BloodImage_00020.jpg,LYMPHOCYTE
/Users/yunhou/course/cs/455/CS6364_resnet_medical_classify/dataset/dataset-master/dataset-master/JPEGImages/BloodImage_00206.jpg,LYMPHOCYTE
/Users/yunhou/course/cs/455/CS6364_resnet_medical_classify/dataset/dataset-master/dataset-master/JPEGImages/BloodImage_00233.jpg,LYMPHOCYTE
/Users/yunhou/course/cs/455/CS6364_resnet_medical_classify/dataset/dataset-master/dataset-master/JPEGImages/BloodImage_00089.jpg,LYMPHOCYTE
/Users/yunhou/course/cs/455/CS6364_resnet_medical_classify/dataset/dataset-master/dataset-master/JPEGImages/BloodImage_00217.jpg,LYMPHOCYTE
/Users/yunhou/course/cs/455/CS6364_resnet_medical_classify/dataset/dataset-master/dataset-master/JPEGImages/BloodImage_00055.jpg,LYMPHOCYTE
/Users/yunhou/course/cs/455/CS6364_resnet_medical_classify/dataset/dataset-master/dataset-master/JPEGImages/BloodImage_00211.jpg,LYMPHOCYTE
/Users/yunhou/course/cs/455/CS6364_resnet_medical_classify/dataset/dataset-master/dataset-master/JPEGImages/BloodImage_00283.jpg,LYMPHOCYTE
/Users/yunhou/course/cs/455/CS6364_resnet_medical_classify/dataset/dataset-master/dataset-master/JPEGImages/BloodImage_00134.jpg,LYMPHOCYTE
/Users/yunhou/course/cs/455/CS6364_resnet_medical_classify/dataset/dataset-master/dataset-master/JPEGImages/BloodImage_00111.jpg,LYMPHOCYTE
/Users/yunhou/course/cs/455/CS6364_resnet_medical_classify/dataset/dataset-master/dataset-master/JPEGImages/BloodImage_00120.jpg,LYMPHOCYTE
/Users/yunhou/course/cs/455/CS6364_resnet_medical_classify/dataset/dataset-master/dataset-master/JPEGImages/BloodImage_00229.jpg,LYMPHOCYTE
/Users/yunhou/course/cs/455/CS6364_resnet_medical_classify/dataset/dataset-master/dataset-master/JPEGImages/BloodImage_00047.jpg,LYMPHOCYTE
/Users/yunhou/course/cs/455/CS6364_resnet_medical_classify/dataset/dataset-master/dataset-master/JPEGImages/BloodImage_00270.jpg,LYMPHOCYTE
/Users/yunhou/course/cs/455/CS6364_resnet_medical_classify/dataset/dataset-master/dataset-master/JPEGImages/BloodImage_00254.jpg,LYMPHOCYTE
/Users/yunhou/course/cs/455/CS6364_resnet_medical_classify/dataset/dataset-master/dataset-master/JPEGImages/BloodImage_00157.jpg,LYMPHOCYTE
/Users/yunhou/course/cs/455/CS6364_resnet_medical_classify/dataset/dataset-master/dataset-master/JPEGImages/BloodImage_00224.jpg,LYMPHOCYTE
/Users/yunhou/course/cs/455/CS6364_resnet_medical_classify/dataset/dataset-master/dataset-master/JPEGImages/BloodImage_00264.jpg,LYMPHOCYTE
/Users/yunhou/course/cs/455/CS6364_resnet_medical_classify/dataset/dataset-master/dataset-master/JPEGImages/BloodImage_00275.jpg,LYMPHOCYTE
/Users/yunhou/course/cs/455/CS6364_resnet_medical_classify/dataset/dataset-master/dataset-master/JPEGImages/BloodImage_00037.jpg,LYMPHOCYTE
/Users/yunhou/course/cs/455/CS6364_resnet_medical_classify/dataset/dataset-master/dataset-master/JPEGImages/BloodImage_00241.jpg,LYMPHOCYTE
/Users/yunhou/course/cs/455/CS6364_resnet_medical_classify/dataset/dataset-master/dataset-master/JPEGImages/BloodImage_00258.jpg,LYMPHOCYTE
/Users/yunhou/course/cs/455/CS6364_resnet_medical_classify/dataset/dataset-master/dataset-master/JPEGImages/BloodImage_00356.jpg,LYMPHOCYTE
/Users/yunhou/course/cs/455/CS6364_resnet_medical_classify/dataset/dataset-master/dataset-master/JPEGImages/BloodImage_00347.jpg,LYMPHOCYTE
/Users/yunhou/course/cs/455/CS6364_resnet_medical_classify/dataset/dataset-master/dataset-master/JPEGImages/BloodImage_00191.jpg,LYMPHOCYTE
/Users/yunhou/course/cs/455/CS6364_resnet_medical_classify/dataset/dataset-master/dataset-master/JPEGImages/BloodImage_00305.jpg,LYMPHOCYTE
/Users/yunhou/course/cs/455/CS6364_resnet_medical_classify/dataset/dataset-master/dataset-master/JPEGImages/BloodImage_00038.jpg,LYMPHOCYTE
/Users/yunhou/course/cs/455/CS6364_resnet_medical_classify/dataset/dataset-master/dataset-master/JPEGImages/BloodImage_00054.jpg,LYMPHOCYTE
/Users/yunhou/course/cs/455/CS6364_resnet_medical_classify/dataset/dataset-master/dataset-master/JPEGImages/BloodImage_00076.jpg,LYMPHOCYTE
/Users/yunhou/course/cs/455/CS6364_resnet_medical_classify/dataset/dataset-master/dataset-master/JPEGImages/BloodImage_00020.jpg,LYMPHOCYTE
/Users/yunhou/course/cs/455/CS6364_resnet_medical_classify/dataset/dataset-master/dataset-master/JPEGImages/BloodImage_00206.jpg,LYMPHOCYTE
/Users/yunhou/course/cs/455/CS6364_resnet_medical_classify/dataset/dataset-master/dataset-master/JPEGImages/BloodImage_00233.jpg,LYMPHOCYTE
/Users/yunhou/course/cs/455/CS6364_resnet_medical_classify/dataset/dataset-master/dataset-master/JPEGImages/BloodImage_00089.jpg,LYMPHOCYTE
/Users/yunhou/course/cs/455/CS6364_resnet_medical_classify/dataset/dataset-master/dataset-master/JPEGImages/BloodImage_00217.jpg,LYMPHOCYTE
/Users/yunhou/course/cs/455/CS6364_resnet_medical_classify/dataset/dataset-master/dataset-master/JPEGImages/BloodImage_00055.jpg,LYMPHOCYTE
/Users/yunhou/course/cs/455/CS6364_resnet_medical_classify/dataset/dataset-master/dataset-master/JPEGImages/BloodImage_00211.jpg,LYMPHOCYTE
/Users/yunhou/course/cs/455/CS6364_resnet_medical_classify/dataset/dataset-master/dataset-master/JPEGImages/BloodImage_00283.jpg,LYMPHOCYTE
/Users/yunhou/course/cs/455/CS6364_resnet_medical_classify/dataset/dataset-master/dataset-master/JPEGImages/BloodImage_00134.jpg,LYMPHOCYTE
/Users/yunhou/course/cs/455/CS6364_resnet_medical_classify/dataset/dataset-master/dataset-master/JPEGImages/BloodImage_00111.jpg,LYMPHOCYTE
/Users/yunhou/course/cs/455/CS6364_resnet_medical_classify/dataset/dataset-master/dataset-master/JPEGImages/BloodImage_00120.jpg,LYMPHOCYTE
/Users/yunhou/course/cs/455/CS6364_resnet_medical_classify/dataset/dataset-master/dataset-master/JPEGImages/BloodImage_00229.jpg,LYMPHOCYTE
/Users/yunhou/course/cs/455/CS6364_resnet_medical_classify/dataset/dataset-master/dataset-master/JPEGImages/BloodImage_00047.jpg,LYMPHOCYTE
/Users/yunhou/course/cs/455/CS6364_resnet_medical_classify/dataset/dataset-master/dataset-master/JPEGImages/BloodImage_00270.jpg,LYMPHOCYTE
/Users/yunhou/course/cs/455/CS6364_resnet_medical_classify/dataset/dataset-master/dataset-master/JPEGImages/BloodImage_00254.jpg,LYMPHOCYTE
/Users/yunhou/course/cs/455/CS6364_resnet_medical_classify/dataset/dataset-master/dataset-master/JPEGImages/BloodImage_00157.jpg,LYMPHOCYTE
/Users/yunhou/course/cs/455/CS6364_resnet_medical_classify/dataset/dataset-master/dataset-master/JPEGImages/BloodImage_00224.jpg,LYMPHOCYTE
/Users/yunhou/course/cs/455/CS6364_resnet_medical_classify/dataset/dataset-master/dataset-master/JPEGImages/BloodImage_00264.jpg,LYMPHOCYTE
/Users/yunhou/course/cs/455/CS6364_resnet_medical_classify/dataset/dataset-master/dataset-master/JPEGImages/BloodImage_00275.jpg,LYMPHOCYTE
/Users/yunhou/course/cs/455/CS6364_resnet_medical_classify/dataset/dataset-master/dataset-master/JPEGImages/BloodImage_00037.jpg,LYMPHOCYTE
/Users/yunhou/course/cs/455/CS6364_resnet_medical_classify/dataset/dataset-master/dataset-master/JPEGImages/BloodImage_00241.jpg,LYMPHOCYTE
/Users/yunhou/course/cs/455/CS6364_resnet_medical_classify/dataset/dataset-master/dataset-master/JPEGImages/BloodImage_00258.jpg,LYMPHOCYTE
/Users/yunhou/course/cs/455/CS6364_resnet_medical_classify/dataset/dataset-master/dataset-master/JPEGImages/BloodImage_00356.jpg,LYMPHOCYTE
/Users/yunhou/course/cs/455/CS6364_resnet_medical_classify/dataset/dataset-master/dataset-master/JPEGImages/BloodImage_00347.jpg,LYMPHOCYTE
/Users/yunhou/course/cs/455/CS6364_resnet_medical_classify/dataset/dataset-master/dataset-master/JPEGImages/BloodImage_00191.jpg,LYMPHOCYTE
/Users/yunhou/course/cs/455/CS6364_resnet_medical_classify/dataset/dataset-master/dataset-master/JPEGImages/BloodImage_00305.jpg,LYMPHOCYTE
/Users/yunhou/course/cs/455/CS6364_resnet_medical_classify/dataset/dataset-master/dataset-master/JPEGImages/BloodImage_00038.jpg,LYMPHOCYTE
/Users/yunhou/course/cs/455/CS6364_resnet_medical_classify/dataset/dataset-master/dataset-master/JPEGImages/BloodImage_00054.jpg,LYMPHOCYTE
/Users/yunhou/course/cs/455/CS6364_resnet_medical_classify/dataset/dataset-master/dataset-master/JPEGImages/BloodImage_00076.jpg,LYMPHOCYTE
/Users/yunhou/course/cs/455/CS6364_resnet_medical_classify/dataset/dataset-master/dataset-master/JPEGImages/BloodImage_00020.jpg,LYMPHOCYTE
/Users/yunhou/course/cs/455/CS6364_resnet_medical_classify/dataset/dataset-master/dataset-master/JPEGImages/BloodImage_00206.jpg,LYMPHOCYTE
/Users/yunhou/course/cs/455/CS6364_resnet_medical_classify/dataset/dataset-master/dataset-master/JPEGImages/BloodImage_00233.jpg,LYMPHOCYTE
/Users/yunhou/course/cs/455/CS6364_resnet_medical_classify/dataset/dataset-master/dataset-master/JPEGImages/BloodImage_00089.jpg,LYMPHOCYTE
/Users/yunhou/course/cs/455/CS6364_resnet_medical_classify/dataset/dataset-master/dataset-master/JPEGImages/BloodImage_00217.jpg,LYMPHOCYTE
/Users/yunhou/course/cs/455/CS6364_resnet_medical_classify/dataset/dataset-master/dataset-master/JPEGImages/BloodImage_00055.jpg,LYMPHOCYTE
/Users/yunhou/course/cs/455/CS6364_resnet_medical_classify/dataset/dataset-master/dataset-master/JPEGImages/BloodImage_00211.jpg,LYMPHOCYTE
/Users/yunhou/course/cs/455/CS6364_resnet_medical_classify/dataset/dataset-master/dataset-master/JPEGImages/BloodImage_00283.jpg,LYMPHOCYTE
/Users/yunhou/course/cs/455/CS6364_resnet_medical_classify/dataset/dataset-master/dataset-master/JPEGImages/BloodImage_00134.jpg,LYMPHOCYTE
/Users/yunhou/course/cs/455/CS6364_resnet_medical_classify/dataset/dataset-master/dataset-master/JPEGImages/BloodImage_00111.jpg,LYMPHOCYTE
/Users/yunhou/course/cs/455/CS6364_resnet_medical_classify/dataset/dataset-master/dataset-master/JPEGImages/BloodImage_00120.jpg,LYMPHOCYTE
/Users/yunhou/course/cs/455/CS6364_resnet_medical_classify/dataset/dataset-master/dataset-master/JPEGImages/BloodImage_00229.jpg,LYMPHOCYTE
/Users/yunhou/course/cs/455/CS6364_resnet_medical_classify/dataset/dataset-master/dataset-master/JPEGImages/BloodImage_00047.jpg,LYMPHOCYTE
/Users/yunhou/course/cs/455/CS6364_resnet_medical_classify/dataset/dataset-master/dataset-master/JPEGImages/BloodImage_00270.jpg,LYMPHOCYTE
/Users/yunhou/course/cs/455/CS6364_resnet_medical_classify/dataset/dataset-master/dataset-master/JPEGImages/BloodImage_00254.jpg,LYMPHOCYTE
/Users/yunhou/course/cs/455/CS6364_resnet_medical_classify/dataset/dataset-master/dataset-master/JPEGImages/BloodImage_00157.jpg,LYMPHOCYTE
/Users/yunhou/course/cs/455/CS6364_resnet_medical_classify/dataset/dataset-master/dataset-master/JPEGImages/BloodImage_00224.jpg,LYMPHOCYTE
/Users/yunhou/course/cs/455/CS6364_resnet_medical_classify/dataset/dataset-master/dataset-master/JPEGImages/BloodImage_00264.jpg,LYMPHOCYTE
/Users/yunhou/course/cs/455/CS6364_resnet_medical_classify/dataset/dataset-master/dataset-master/JPEGImages/BloodImage_00275.jpg,LYMPHOCYTE
/Users/yunhou/course/cs/455/CS6364_resnet_medical_classify/dataset/dataset-master/dataset-master/JPEGImages/BloodImage_00037.jpg,LYMPHOCYTE
/Users/yunhou/course/cs/455/CS6364_resnet_medical_classify/dataset/dataset-master/dataset-master/JPEGImages/BloodImage_00241.jpg,LYMPHOCYTE
/Users/yunhou/course/cs/455/CS6364_resnet_medical_classify/dataset/dataset-master/dataset-master/JPEGImages/BloodImage_00258.jpg,LYMPHOCYTE
/Users/yunhou/course/cs/455/CS6364_resnet_medical_classify/dataset/dataset-master/dataset-master/JPEGImages/BloodImage_00356.jpg,LYMPHOCYTE
/Users/yunhou/course/cs/455/CS6364_resnet_medical_classify/dataset/dataset-master/dataset-master/JPEGImages/BloodImage_00347.jpg,LYMPHOCYTE
/Users/yunhou/course/cs/455/CS6364_resnet_medical_classify/dataset/dataset-master/dataset-master/JPEGImages/BloodImage_00191.jpg,LYMPHOCYTE
/Users/yunhou/course/cs/455/CS6364_resnet_medical_classify/dataset/dataset-master/dataset-master/JPEGImages/BloodImage_00305.jpg,LYMPHOCYTE
/Users/yunhou/course/cs/455/CS6364_resnet_medical_classify/dataset/dataset-master/dataset-master/JPEGImages/BloodImage_00038.jpg,LYMPHOCYTE
/Users/yunhou/course/cs/455/CS6364_resnet_medical_classify/dataset/dataset-master/dataset-master/JPEGImages/BloodImage_00054.jpg,LYMPHOCYTE
/Users/yunhou/course/cs/455/CS6364_resnet_medical_classify/dataset/dataset-master/dataset-master/JPEGImages/BloodImage_00076.jpg,LYMPHOCYTE
/Users/yunhou/course/cs/455/CS6364_resnet_medical_classify/dataset/dataset-master/dataset-master/JPEGImages/BloodImage_00020.jpg,LYMPHOCYTE
/Users/yunhou/course/cs/455/CS6364_resnet_medical_classify/dataset/dataset-master/dataset-master/JPEGImages/BloodImage_00206.jpg,LYMPHOCYTE
/Users/yunhou/course/cs/455/CS6364_resnet_medical_classify/dataset/dataset-master/dataset-master/JPEGImages/BloodImage_00233.jpg,LYMPHOCYTE
/Users/yunhou/course/cs/455/CS6364_resnet_medical_classify/dataset/dataset-master/dataset-master/JPEGImages/BloodImage_00089.jpg,LYMPHOCYTE
/Users/yunhou/course/cs/455/CS6364_resnet_medical_classify/dataset/dataset-master/dataset-master/JPEGImages/BloodImage_00217.jpg,LYMPHOCYTE
/Users/yunhou/course/cs/455/CS6364_resnet_medical_classify/dataset/dataset-master/dataset-master/JPEGImages/BloodImage_00055.jpg,LYMPHOCYTE
/Users/yunhou/course/cs/455/CS6364_resnet_medical_classify/dataset/dataset-master/dataset-master/JPEGImages/BloodImage_00211.jpg,LYMPHOCYTE
/Users/yunhou/course/cs/455/CS6364_resnet_medical_classify/dataset/dataset-master/dataset-master/JPEGImages/BloodImage_00283.jpg,LYMPHOCYTE
/Users/yunhou/course/cs/455/CS6364_resnet_medical_classify/dataset/dataset-master/dataset-master/JPEGImages/BloodImage_00134.jpg,LYMPHOCYTE
/Users/yunhou/course/cs/455/CS6364_resnet_medical_classify/dataset/dataset-master/dataset-master/JPEGImages/BloodImage_00111.jpg,LYMPHOCYTE
/Users/yunhou/course/cs/455/CS6364_resnet_medical_classify/dataset/dataset-master/dataset-master/JPEGImages/BloodImage_00120.jpg,LYMPHOCYTE
/Users/yunhou/course/cs/455/CS6364_resnet_medical_classify/dataset/dataset-master/dataset-master/JPEGImages/BloodImage_00229.jpg,LYMPHOCYTE
/Users/yunhou/course/cs/455/CS6364_resnet_medical_classify/dataset/dataset-master/dataset-master/JPEGImages/BloodImage_00047.jpg,LYMPHOCYTE
/Users/yunhou/course/cs/455/CS6364_resnet_medical_classify/dataset/dataset-master/dataset-master/JPEGImages/BloodImage_00270.jpg,LYMPHOCYTE
/Users/yunhou/course/cs/455/CS6364_resnet_medical_classify/dataset/dataset-master/dataset-master/JPEGImages/BloodImage_00254.jpg,LYMPHOCYTE
/Users/yunhou/course/cs/455/CS6364_resnet_medical_classify/dataset/dataset-master/dataset-master/JPEGImages/BloodImage_00157.jpg,LYMPHOCYTE
/Users/yunhou/course/cs/455/CS6364_resnet_medical_classify/dataset/dataset-master/dataset-master/JPEGImages/BloodImage_00224.jpg,LYMPHOCYTE
/Users/yunhou/course/cs/455/CS6364_resnet_medical_classify/dataset/dataset-master/dataset-master/JPEGImages/BloodImage_00264.jpg,LYMPHOCYTE
